,mae,mse,r2
0,37493.65714285719,1501368927.842861,-11.39300596471095
